{
  "src": [
    "res/sound/soundsprite.ogg",
    "res/sound/soundsprite.m4a",
    "res/sound/soundsprite.mp3",
    "res/sound/soundsprite.ac3"
  ],
  "sprite": {
    "click": [
      0,
      91.33786848072563
    ],
    "fall": [
      1999.9999999999998,
      1999.1156462585036
    ],
    "p_1": [
      5000,
      6060.408163265306
    ],
    "p_2": [
      13000,
      134.19501133786937
    ],
    "p_3": [
      15000,
      396.9387755102041
    ],
    "p_4": [
      17000,
      311.51927437641547
    ],
    "p_5": [
      19000,
      251.38321995464707
    ],
    "ping_0": [
      21000,
      444.1950113378681
    ],
    "ping": [
      23000,
      311.51927437641547
    ]
  }
}
